allocation_date,instrument,contribution_type,cost_basis_usd,quantity,available_from
2025-07-23,Purchase Shares,Purchase,242.0500,2.93769,2025-07-23
2025-08-22,Purchase Shares,Purchase,205.6600,3.48429,2025-08-22
2025-09-12,Dividend Shares,Purchase,254.9576,0.01613,2025-09-12
2025-09-23,Purchase Shares,Purchase,230.6000,3.12450,2025-09-23
2025-10-23,Purchase Shares,Purchase,233.3900,3.05638,2025-10-23
2025-11-21,Purchase Shares,Purchase,251.7600,2.83436,2025-11-21
2025-12-11,Dividend Shares,Purchase,312.5165,0.05650,2025-12-11
2025-12-19,Purchase Shares,Purchase,257.5400,2.77265,2025-12-19
2026-01-23,Purchase Shares,Purchase,248.2600,2.84471,2026-01-23
2026-02-23,Purchase Shares,Purchase,202.2700,3.59702,2026-02-23
2026-03-11,Dividend Shares,Purchase,252.0315,0.11732,2026-03-11
2026-03-23,Purchase Shares,Purchase,210.8300,3.35260,2026-03-23
2026-04-23,Purchase Shares,Purchase,193.2300,5.29110,2026-04-23
2026-05-22,Purchase Shares,Purchase,220.0600,3.25547,2026-05-22
2026-06-11,Dividend Shares,Purchase,272.3470,0.17309,2026-06-11
2026-06-23,Purchase Shares,Purchase,222.1900,3.20658,2026-06-23
2026-07-23,Purchase Shares,Purchase,172.8700,4.40712,2026-07-23
2026-08-21,Purchase Shares,Purchase,200.5400,3.88441,2026-08-21
2026-09-11,Dividend Shares,Purchase,239.4070,0.26182,2026-09-11
2026-09-23,Purchase Shares,Purchase,199.9200,3.85394,2026-09-23
